{
  "accuracy": 0.64004914004914,
  "accuracy_among_extractable_answers": 0.6928191489361702,
  "ambiguous_or_rejected_examples": 62,
  "average_output_tokens": 287.5995085995086,
  "backend": "hf-cuda:Qwen/Qwen2.5-1.5B-Instruct@989aa7980e4cf806f80c7fef2b1adb7bc71aa306",
  "backend_metrics": {
    "backend_load_seconds": 1.8470492000001286,
    "gpu_name": "NVIDIA GeForce RTX 3080",
    "peak_vram_allocated_bytes": 3133062144,
    "peak_vram_reserved_bytes": 3353346048
  },
  "canonical_extractor_id": "foundry-terminal-number-v2",
  "canonical_extractor_sha256": "e099d1c247968fed982cb849022ec3137b1694c15f23a65663a127b8158c06df",
  "config_sha256": "5f315d5de645f9563b8d1e61bc8e02c3513c453238ad9e1d6f9473489b5a622b",
  "correct_examples": 521,
  "dataset_id": "ScaleAI/gsm1k",
  "dataset_revision": "bc09569d09a614b9b530edc7f076fb214ac10493",
  "evaluation_seconds": 3160.0740731,
  "exact_format_compliance_rate": 0.1597051597051597,
  "exact_format_compliant_examples": 130,
  "examples_per_second": 0.2575888986049857,
  "extractable_answer_rate": 0.9238329238329238,
  "extractable_examples": 752,
  "extractable_incorrect_examples": 231,
  "extraction_failure_categories": {
    "ambiguous_terminal_answer": 42,
    "conflicting_answers": 8,
    "generation_truncated": 3,
    "malformed_terminal_answer": 2,
    "no_terminal_answer": 7
  },
  "generated_tokens_per_second": 74.08244065948253,
  "generation_failures": 0,
  "invalid_examples": 62,
  "manifest_partition": "development",
  "manifest_sha256": "5e810d3ab644bef1d43c598a14a6164ba6464b27fde50e92a2f241816ce87897",
  "model_id": "Qwen/Qwen2.5-1.5B-Instruct",
  "model_revision": "989aa7980e4cf806f80c7fef2b1adb7bc71aa306",
  "processed_examples": 814,
  "prompt_sha256": "738ea5a3b94e7c75ac0bd50a229bbf04f3fc5d773e14658bc6728bc7a4b18350",
  "schema_version": 3,
  "total_input_tokens": 113720,
  "total_output_tokens": 234106,
  "total_runtime_seconds": 3161.9211223,
  "truncated_examples": 3,
  "unextractable_examples": 62
}
