{
  "adapter_sha256": "0d4171b858fde81f6f23cbb55418a6e9c5327f3bdbfc5e53020cadd6ad691e65",
  "backend_failures": 0,
  "base_revision": "989aa7980e4cf806f80c7fef2b1adb7bc71aa306",
  "evaluation_id": "foundry-original-retention-evaluation-v1",
  "exact_format": 44,
  "exact_format_rate": 0.7333333333333333,
  "examples_per_second": 0.8291852890108503,
  "extractability": 0.9333333333333333,
  "extractable": 56,
  "generation_sha256": "f628fe7faafe94040de3df696a63d98494525cd1a57487b718fd9a86b5292093",
  "gpu_name": "NVIDIA GeForce RTX 3080",
  "input_tokens": 3561,
  "load_seconds": 3.81897459999891,
  "malformed_outputs": 4,
  "output_tokens": 2058,
  "peak_vram_allocated_bytes": 3554672640,
  "peak_vram_reserved_bytes": 3751804928,
  "per_item_decision_sha256": "437e03965c4b1e92526a9c44943c3842e07c016529b5bd96a01bbba4f9190856",
  "prompt_echo": 0,
  "prompt_echo_rate": 0.0,
  "prompt_sha256": "451ed6c7fbaa4f96d3d07fdc7286d491c33969973fb110ba20c494c9517c82fe",
  "question_generation": 0,
  "raw_packet_sha256": "6590ae6375f064692e3f7b25201c9d6a39aae27cda44e861f4b4fa0702a6380e",
  "runtime_seconds": 72.36018390000027,
  "schema_version": 1,
  "section_metrics": {
    "arithmetic": {
      "accuracy": 0.7333333333333333,
      "correct": 22,
      "total": 30
    },
    "format": {
      "accuracy": 0.8666666666666667,
      "correct": 13,
      "total": 15
    },
    "instruction": {
      "accuracy": 0.5333333333333333,
      "correct": 8,
      "total": 15
    }
  },
  "suite_file_sha256": "62aaa38b502574ad8d54cfa60039c9bfe1684ec61ea7c26b14c32615e423d045",
  "suite_sha256": "0f0b73d8cd920f20998ba00c81ac6ead4c45f04c972c033e5c30a95bfee63eb9",
  "summary_sha256": "8481f695c4cf09cb2593ae5ca84057ec70ae722b07a1ce48a2d9a842831f7689",
  "total": 60
}
