{
  "adapter_sha256": null,
  "backend_failures": 0,
  "base_revision": "989aa7980e4cf806f80c7fef2b1adb7bc71aa306",
  "evaluation_id": "foundry-retention-final-holdout-evaluation-v1",
  "exact_format": 79,
  "exact_format_rate": 0.8777777777777778,
  "examples_per_second": 3.3910304351311673,
  "extractability": 0.9888888888888889,
  "extractable": 89,
  "generation_sha256": "f628fe7faafe94040de3df696a63d98494525cd1a57487b718fd9a86b5292093",
  "gpu_name": "NVIDIA GeForce RTX 3080",
  "input_tokens": 5488,
  "load_seconds": 2.5981147999991663,
  "malformed_outputs": 1,
  "output_tokens": 1681,
  "peak_vram_allocated_bytes": 3554672640,
  "peak_vram_reserved_bytes": 3617587200,
  "per_item_decision_sha256": "6e7afc5a090368f99e04cbfc5dde7c2740db85d33a084ed0f94d6e5327201979",
  "prompt_echo": 0,
  "prompt_echo_rate": 0.0,
  "prompt_sha256": "f3fee91548f7d1ce3b313b9fe7832238617c22b91064d4406284cc76feb06868",
  "question_generation": 0,
  "raw_packet_sha256": "a6596cd8ac47de190c5cbd6070983e87b9ec3a6728b4bb65eec8586c8428edb5",
  "runtime_seconds": 26.540605199999845,
  "schema_version": 1,
  "section_metrics": {
    "arithmetic": {
      "accuracy": 0.9777777777777777,
      "correct": 44,
      "total": 45
    },
    "format": {
      "accuracy": 1.0,
      "correct": 20,
      "total": 20
    },
    "instruction": {
      "accuracy": 0.92,
      "correct": 23,
      "total": 25
    }
  },
  "suite_file_sha256": "ea1e1a5de53a0e743c6b0496c63ff2752eb949d98ce78367fd2513b473c697ab",
  "suite_sha256": "3af7b87c4714b8f96da29296cf2414b0ef48e66fb856fc22e8b73afd600b227d",
  "summary_sha256": "54ea07456de6d8d18f48873b682ac40c7f1cc17e8cdfec04a4b0f04498d012bc",
  "total": 90
}
