{
  "adapter_sha256": null,
  "backend_failures": 0,
  "base_revision": "989aa7980e4cf806f80c7fef2b1adb7bc71aa306",
  "evaluation_id": "foundry-retention-validation-evaluation-v1",
  "exact_format": 82,
  "exact_format_rate": 0.9111111111111111,
  "examples_per_second": 3.637413048398587,
  "extractability": 1.0,
  "extractable": 90,
  "generation_sha256": "f628fe7faafe94040de3df696a63d98494525cd1a57487b718fd9a86b5292093",
  "gpu_name": "NVIDIA GeForce RTX 3080",
  "input_tokens": 5500,
  "load_seconds": 2.6979185000018333,
  "malformed_outputs": 0,
  "output_tokens": 1562,
  "peak_vram_allocated_bytes": 3554672640,
  "peak_vram_reserved_bytes": 3617587200,
  "per_item_decision_sha256": "5d94e7d9091509d6be9348eb909c988e73fc9e0be96b53afaa48e1319ba51e79",
  "prompt_echo": 0,
  "prompt_echo_rate": 0.0,
  "prompt_sha256": "624cf46746549b9f3676cd13ceadd3843496b5011e5a80768389ae737d900663",
  "question_generation": 0,
  "raw_packet_sha256": "ea738279b7075405328763144bb2e263e4249f00e0df7fbe2e27f345e5488f4d",
  "runtime_seconds": 24.74285950000194,
  "schema_version": 1,
  "section_metrics": {
    "arithmetic": {
      "accuracy": 1.0,
      "correct": 45,
      "total": 45
    },
    "format": {
      "accuracy": 1.0,
      "correct": 20,
      "total": 20
    },
    "instruction": {
      "accuracy": 0.92,
      "correct": 23,
      "total": 25
    }
  },
  "suite_file_sha256": "846a84670fad8dd14769332f3b6d4991e11012f9ac924a8e3e612f54b67699f6",
  "suite_sha256": "96e88c82fbe903c78b7226ae9e54b5619f3d630fa499af91989afdb8c6c41d10",
  "summary_sha256": "9afac1e6fd6af60daefd339103d6d334338af0549dd2fb62ab0425ad09bd0f44",
  "total": 90
}
