{
  "accuracy": 0.018427518427518427,
  "accuracy_among_extractable_answers": 0.08982035928143713,
  "accuracy_delta_vs_base": -0.6216216216216216,
  "adapter_sha256": "c039612d250827525f06269d75da2600c24d2a76c26c11c58a3bfb838e025df1",
  "ambiguous_or_rejected_examples": 647,
  "average_output_tokens": 48.21621621621622,
  "backend": "peft-cuda:Qwen/Qwen2.5-1.5B-Instruct@989aa7980e4cf806f80c7fef2b1adb7bc71aa306+adapter@c039612d250827525f06269d75da2600c24d2a76c26c11c58a3bfb838e025df1",
  "backend_metrics": {
    "adapter_sha256": "c039612d250827525f06269d75da2600c24d2a76c26c11c58a3bfb838e025df1",
    "backend_load_seconds": 2.5623465000007855,
    "gpu_name": "NVIDIA GeForce RTX 3080",
    "peak_vram_allocated_bytes": 3248531968,
    "peak_vram_reserved_bytes": 3512729600
  },
  "canonical_extractor_id": "foundry-terminal-number-v2",
  "canonical_extractor_sha256": "e099d1c247968fed982cb849022ec3137b1694c15f23a65663a127b8158c06df",
  "config_sha256": "5f315d5de645f9563b8d1e61bc8e02c3513c453238ad9e1d6f9473489b5a622b",
  "correct_delta_vs_base": -506,
  "correct_examples": 15,
  "dataset_id": "ScaleAI/gsm1k",
  "dataset_revision": "bc09569d09a614b9b530edc7f076fb214ac10493",
  "evaluation_seconds": 1354.5443262999997,
  "exact_format_compliance_rate": 0.1683046683046683,
  "exact_format_compliant_examples": 137,
  "examples_per_second": 0.6009400978582063,
  "extractable_answer_rate": 0.20515970515970516,
  "extractable_examples": 167,
  "extractable_incorrect_examples": 152,
  "extraction_failure_categories": {
    "ambiguous_terminal_answer": 173,
    "generation_truncated": 2,
    "malformed_terminal_answer": 2,
    "no_terminal_answer": 470
  },
  "frozen_base_accuracy": 0.64004914004914,
  "frozen_base_correct": 521,
  "generated_tokens_per_second": 28.975057691325407,
  "generation_failures": 0,
  "invalid_examples": 647,
  "manifest_partition": "development",
  "manifest_sha256": "5e810d3ab644bef1d43c598a14a6164ba6464b27fde50e92a2f241816ce87897",
  "model_id": "Qwen/Qwen2.5-1.5B-Instruct",
  "model_revision": "989aa7980e4cf806f80c7fef2b1adb7bc71aa306",
  "processed_examples": 814,
  "prompt_sha256": "738ea5a3b94e7c75ac0bd50a229bbf04f3fc5d773e14658bc6728bc7a4b18350",
  "schema_version": 3,
  "sealed_final_accessed": false,
  "total_input_tokens": 113720,
  "total_output_tokens": 39248,
  "total_runtime_seconds": 1357.1066728000005,
  "truncated_examples": 2,
  "unextractable_examples": 647
}
