{
  "accuracy": 0.0171990171990172,
  "accuracy_among_extractable_answers": 0.07777777777777778,
  "accuracy_delta_vs_base": -0.6228501228501229,
  "adapter_sha256": "b4a2e55d293ed88ccc2668dd450cc29f683bda7585668126fe75e2253fe3b02e",
  "ambiguous_or_rejected_examples": 634,
  "average_output_tokens": 49.42997542997543,
  "backend": "peft-cuda:Qwen/Qwen2.5-1.5B-Instruct@989aa7980e4cf806f80c7fef2b1adb7bc71aa306+adapter@b4a2e55d293ed88ccc2668dd450cc29f683bda7585668126fe75e2253fe3b02e",
  "backend_metrics": {
    "adapter_sha256": "b4a2e55d293ed88ccc2668dd450cc29f683bda7585668126fe75e2253fe3b02e",
    "backend_load_seconds": 2.5484358000012435,
    "gpu_name": "NVIDIA GeForce RTX 3080",
    "peak_vram_allocated_bytes": 3248531968,
    "peak_vram_reserved_bytes": 3512729600
  },
  "canonical_extractor_id": "foundry-terminal-number-v2",
  "canonical_extractor_sha256": "e099d1c247968fed982cb849022ec3137b1694c15f23a65663a127b8158c06df",
  "config_sha256": "5f315d5de645f9563b8d1e61bc8e02c3513c453238ad9e1d6f9473489b5a622b",
  "correct_delta_vs_base": -507,
  "correct_examples": 14,
  "dataset_id": "ScaleAI/gsm1k",
  "dataset_revision": "bc09569d09a614b9b530edc7f076fb214ac10493",
  "evaluation_seconds": 1356.7031198999994,
  "exact_format_compliance_rate": 0.1928746928746929,
  "exact_format_compliant_examples": 157,
  "examples_per_second": 0.5999838786100814,
  "extractable_answer_rate": 0.22113022113022113,
  "extractable_examples": 180,
  "extractable_incorrect_examples": 166,
  "extraction_failure_categories": {
    "ambiguous_terminal_answer": 256,
    "conflicting_answers": 1,
    "generation_truncated": 3,
    "no_terminal_answer": 374
  },
  "frozen_base_accuracy": 0.64004914004914,
  "frozen_base_correct": 521,
  "generated_tokens_per_second": 29.657188378077688,
  "generation_failures": 0,
  "invalid_examples": 634,
  "manifest_partition": "development",
  "manifest_sha256": "5e810d3ab644bef1d43c598a14a6164ba6464b27fde50e92a2f241816ce87897",
  "model_id": "Qwen/Qwen2.5-1.5B-Instruct",
  "model_revision": "989aa7980e4cf806f80c7fef2b1adb7bc71aa306",
  "processed_examples": 814,
  "prompt_sha256": "738ea5a3b94e7c75ac0bd50a229bbf04f3fc5d773e14658bc6728bc7a4b18350",
  "schema_version": 3,
  "sealed_final_accessed": false,
  "total_input_tokens": 113720,
  "total_output_tokens": 40236,
  "total_runtime_seconds": 1359.2515557000006,
  "truncated_examples": 3,
  "unextractable_examples": 634
}
